{
  "image_size": [
    1920,
    1080
  ],
  "board_size": [
    7,
    7
  ],
  "square_size": 20.4,
  "valid_image_count": 51,
  "rms_reprojection_error": 0.8813178435786426,
  "mean_reprojection_error_px": 0.8813173178793801,
  "camera_matrix": [
    [
      1144.1105764644396,
      0.0,
      964.7249513640628
    ],
    [
      0.0,
      1144.73884327395,
      530.2132324911644
    ],
    [
      0.0,
      0.0,
      1.0
    ]
  ],
  "dist_coeffs": [
    0.14864518101699348,
    -0.40577138473737195,
    -0.007354948311351252,
    0.00023459626161982184,
    0.40825036742637816
  ],
  "rvecs": [
    [
      0.08093823741471923,
      -0.025900662699470788,
      1.4682640503665072
    ],
    [
      0.07323671771168741,
      -0.018403063214087908,
      1.4688586138543154
    ],
    [
      0.3008973095789281,
      -0.27770942812801647,
      1.4235535392495517
    ],
    [
      0.011367641264922207,
      -0.0182871338060011,
      1.0017309921966813
    ],
    [
      0.05339283628335952,
      0.032936965367262885,
      0.0920106845821282
    ],
    [
      0.10265090780367545,
      -0.1408604838812018,
      1.2940597765293802
    ],
    [
      0.06783197627287231,
      -0.1451834563929603,
      0.9747721745925584
    ],
    [
      -0.0066261601866886,
      -0.029739956925031525,
      0.7375175094403136
    ],
    [
      0.019869706086117798,
      -0.010667412783067367,
      1.0672982898699404
    ],
    [
      0.07581911574640643,
      -0.20383762233598499,
      0.8471739483919906
    ],
    [
      -0.02905385760413477,
      -0.007475247678291989,
      0.5702515220379092
    ],
    [
      0.037468446064666754,
      -0.03385049548921471,
      1.5431668971313717
    ],
    [
      0.19076082283488485,
      -0.19274642379802584,
      1.5115059448007713
    ],
    [
      0.2574920743319063,
      -0.23890017776671588,
      1.5242048180064218
    ],
    [
      0.3198610504832133,
      -0.2954616296761543,
      1.5234508391202948
    ],
    [
      0.27768960059960707,
      -0.08490303096979558,
      -0.020685083295686257
    ],
    [
      0.15141012473327,
      -0.14024856959488927,
      -0.027229844684877134
    ],
    [
      0.016631644811185474,
      -0.216057778976624,
      -0.03367025592692341
    ],
    [
      0.07803911059010142,
      -0.044156393158833435,
      -0.012521731598443785
    ],
    [
      -0.08034792803289134,
      0.1420005979860805,
      0.09626201448812548
    ],
    [
      0.2305766150426864,
      0.29923441901304637,
      1.646807163965664
    ],
    [
      0.09319542538835343,
      0.24293841772203761,
      0.11941904442380684
    ],
    [
      0.17561828552240372,
      0.16439460983112925,
      0.120394680433147
    ],
    [
      0.1649042587751566,
      0.020785244016619908,
      0.07853072841788938
    ],
    [
      -0.0008375652587068747,
      -0.20903405453556234,
      0.024522475463933355
    ],
    [
      -0.04280066260057418,
      -0.28506914535269956,
      0.021360943593192606
    ],
    [
      -0.028680143801723502,
      -0.07107207104772281,
      0.034936004082112844
    ],
    [
      0.2707935912162994,
      0.024478795935352,
      0.022476979506361204
    ],
    [
      0.28185536506042663,
      -0.03250505401551418,
      1.5594415175312366
    ],
    [
      0.3491594015244578,
      0.1778853906477305,
      1.5599240238557284
    ],
    [
      0.017609453854638295,
      0.3194086149293416,
      1.5855580369382714
    ],
    [
      0.08602623069409741,
      0.3353152524353425,
      1.6085087231640611
    ],
    [
      0.1307973941693313,
      0.2610992113752539,
      1.6026511055863184
    ],
    [
      0.008666472365559882,
      -0.02903313135746765,
      0.047534692255566
    ],
    [
      0.1441513063630696,
      0.017292668780318165,
      0.0324667632927919
    ],
    [
      -0.2819611620175365,
      0.04769167191527597,
      0.029205497720402342
    ],
    [
      0.15325054873332178,
      0.04962237406410113,
      0.03498352104370453
    ],
    [
      -0.27207652486122325,
      0.27782662250345586,
      -3.103448439015505
    ],
    [
      0.38328312075160087,
      0.12657465444363877,
      1.5595374151229027
    ],
    [
      -0.36736445598962014,
      0.26552684678877997,
      -3.075511897207192
    ],
    [
      0.13448919334049325,
      0.00043609747272604313,
      0.02334424126194513
    ],
    [
      -0.017093722896531674,
      -0.2379632936930002,
      0.03777486011452626
    ],
    [
      -0.041304008746584533,
      -0.24620963905973656,
      0.04753161795980301
    ],
    [
      -0.24442310501480055,
      -0.12021702278828415,
      0.07553608924750525
    ],
    [
      -0.25507397185790176,
      -0.10485269736152873,
      0.07297669030542467
    ],
    [
      -0.16422404903257523,
      0.06435016649868205,
      0.0789619256239415
    ],
    [
      -0.13715365084058637,
      0.10627969205857057,
      0.09784311821310658
    ],
    [
      0.03995805001562396,
      0.014272206022416368,
      0.06497111954936562
    ],
    [
      -0.04347356687665857,
      -0.1906807026928354,
      0.05155042161200904
    ],
    [
      -0.15736148134881509,
      -0.1399118277508941,
      0.042903813333481006
    ],
    [
      -0.21146418579931478,
      -0.18072440050045582,
      0.02506295773266352
    ]
  ],